insert into cargoes values ('cargo 1', '1970-01-01 01:00:00.010', '1970-01-01 01:00:00.015') ;
insert into cargoes values ('cargo 2', '1970-01-01 01:00:00.020', '1970-01-01 01:00:00.025') ;
insert into cargoes values ('cargo 3', '1970-01-01 01:00:00.030', '1970-01-01 01:00:00.035') ;
insert into cargoes values ('cargo 4', '1970-01-01 01:00:00.040', '1970-01-01 01:00:00.045') ;
insert into cargoes values ('cargo 5', '1970-01-01 01:00:00.050', '1970-01-01 01:00:00.055') ;
insert into cargoes values ('cargo 6', '1970-01-01 01:00:00.060', '1970-01-01 01:00:00.065') ;
insert into cargoes values ('cargo 7', '1970-01-01 01:00:00.070', '1970-01-01 01:00:00.075') ;
insert into cargoes values ('cargo 8', '1970-01-01 01:00:00.080', '1970-01-01 01:00:00.085') ;
insert into cargoes values ('cargo 9', '1970-01-01 01:00:00.090', '1970-01-01 01:00:00.095') ;
insert into cargoes values ('cargo 10', '1970-01-01 01:00:00.100', '1970-01-01 01:00:00.105') ;
insert into containers values ('C000', 'cargo 1') ;
insert into containers values ('C001', 'cargo 1') ;
insert into containers values ('C002', 'cargo 1') ;
insert into containers values ('C003', 'cargo 2') ;
insert into containers values ('C004', 'cargo 2') ;
insert into containers values ('C005', 'cargo 2') ;
insert into containers values ('C006', 'cargo 2') ;
insert into containers values ('C007', 'cargo 3') ;
insert into containers values ('C008', 'cargo 3') ;
insert into containers values ('C009', 'cargo 3') ;
insert into containers values ('C010', 'cargo 3') ;
insert into containers values ('C011', 'cargo 3') ;
insert into containers values ('C012', 'cargo 4') ;
insert into containers values ('C013', 'cargo 4') ;
insert into containers values ('C014', 'cargo 4') ;
insert into containers values ('C015', 'cargo 4') ;
insert into containers values ('C016', 'cargo 4') ;
insert into containers values ('C017', 'cargo 4') ;
insert into containers values ('C018', 'cargo 5') ;
insert into containers values ('C019', 'cargo 5') ;
insert into containers values ('C020', 'cargo 6') ;
insert into containers values ('C021', 'cargo 6') ;
insert into containers values ('C022', 'cargo 6') ;
insert into containers values ('C023', 'cargo 7') ;
insert into containers values ('C024', 'cargo 7') ;
insert into containers values ('C025', 'cargo 7') ;
insert into containers values ('C026', 'cargo 7') ;
insert into containers values ('C027', 'cargo 8') ;
insert into containers values ('C028', 'cargo 8') ;
insert into containers values ('C029', 'cargo 8') ;
insert into containers values ('C030', 'cargo 8') ;
insert into containers values ('C031', 'cargo 8') ;
insert into containers values ('C032', 'cargo 9') ;
insert into containers values ('C033', 'cargo 9') ;
insert into containers values ('C034', 'cargo 9') ;
insert into containers values ('C035', 'cargo 9') ;
insert into containers values ('C036', 'cargo 9') ;
insert into containers values ('C037', 'cargo 9') ;
insert into containers values ('C038', 'cargo 10') ;
insert into containers values ('C039', 'cargo 10') ;
insert into goods values ('G000', 'T00', 'C000', 1) ;
insert into goods values ('G001', 'T00', 'C001', 1) ;
insert into goods values ('G002', 'T00', 'C001', 1) ;
insert into goods values ('G003', 'T00', 'C002', 1) ;
insert into goods values ('G004', 'T00', 'C002', 1) ;
insert into goods values ('G005', 'T00', 'C002', 1) ;
insert into goods values ('G006', 'T00', 'C003', 1) ;
insert into goods values ('G007', 'T00', 'C003', 1) ;
insert into goods values ('G008', 'T00', 'C003', 1) ;
insert into goods values ('G009', 'T00', 'C003', 1) ;
insert into goods values ('G010', 'T00', 'C004', 1) ;
insert into goods values ('G011', 'T00', 'C005', 1) ;
insert into goods values ('G012', 'T00', 'C005', 1) ;
insert into goods values ('G013', 'T00', 'C006', 1) ;
insert into goods values ('G014', 'T00', 'C006', 1) ;
insert into goods values ('G015', 'T00', 'C006', 1) ;
insert into goods values ('G016', 'T00', 'C007', 1) ;
insert into goods values ('G017', 'T00', 'C007', 1) ;
insert into goods values ('G018', 'T00', 'C007', 1) ;
insert into goods values ('G019', 'T00', 'C007', 1) ;
insert into goods values ('G020', 'T00', 'C008', 1) ;
insert into goods values ('G021', 'T00', 'C009', 1) ;
insert into goods values ('G022', 'T00', 'C009', 1) ;
insert into goods values ('G023', 'T00', 'C010', 1) ;
insert into goods values ('G024', 'T00', 'C010', 1) ;
insert into goods values ('G025', 'T00', 'C010', 1) ;
insert into goods values ('G026', 'T00', 'C011', 1) ;
insert into goods values ('G027', 'T00', 'C011', 1) ;
insert into goods values ('G028', 'T00', 'C011', 1) ;
insert into goods values ('G029', 'T00', 'C011', 1) ;
insert into goods values ('G030', 'T00', 'C012', 1) ;
insert into goods values ('G031', 'T00', 'C013', 1) ;
insert into goods values ('G032', 'T00', 'C013', 1) ;
insert into goods values ('G033', 'T00', 'C014', 1) ;
insert into goods values ('G034', 'T00', 'C014', 1) ;
insert into goods values ('G035', 'T00', 'C014', 1) ;
insert into goods values ('G036', 'T00', 'C015', 1) ;
insert into goods values ('G037', 'T00', 'C015', 1) ;
insert into goods values ('G038', 'T00', 'C015', 1) ;
insert into goods values ('G039', 'T00', 'C015', 1) ;
insert into goods values ('G040', 'T00', 'C016', 1) ;
insert into goods values ('G041', 'T00', 'C017', 1) ;
insert into goods values ('G042', 'T00', 'C017', 1) ;
insert into goods values ('G043', 'T00', 'C018', 1) ;
insert into goods values ('G044', 'T00', 'C018', 1) ;
insert into goods values ('G045', 'T00', 'C018', 1) ;
insert into goods values ('G046', 'T00', 'C019', 1) ;
insert into goods values ('G047', 'T00', 'C019', 1) ;
insert into goods values ('G048', 'T00', 'C019', 1) ;
insert into goods values ('G049', 'T00', 'C019', 1) ;
insert into goods values ('G050', 'T00', 'C020', 1) ;
insert into goods values ('G051', 'T00', 'C021', 1) ;
insert into goods values ('G052', 'T00', 'C021', 1) ;
insert into goods values ('G053', 'T00', 'C022', 1) ;
insert into goods values ('G054', 'T00', 'C022', 1) ;
insert into goods values ('G055', 'T00', 'C022', 1) ;
insert into goods values ('G056', 'T00', 'C023', 1) ;
insert into goods values ('G057', 'T00', 'C023', 1) ;
insert into goods values ('G058', 'T00', 'C023', 1) ;
insert into goods values ('G059', 'T00', 'C023', 1) ;
insert into goods values ('G060', 'T00', 'C024', 1) ;
insert into goods values ('G061', 'T00', 'C025', 1) ;
insert into goods values ('G062', 'T00', 'C025', 1) ;
insert into goods values ('G063', 'T00', 'C026', 1) ;
insert into goods values ('G064', 'T00', 'C026', 1) ;
insert into goods values ('G065', 'T00', 'C026', 1) ;
insert into goods values ('G066', 'T00', 'C027', 1) ;
insert into goods values ('G067', 'T00', 'C027', 1) ;
insert into goods values ('G068', 'T00', 'C027', 1) ;
insert into goods values ('G069', 'T00', 'C027', 1) ;
insert into goods values ('G070', 'T00', 'C028', 1) ;
insert into goods values ('G071', 'T00', 'C029', 1) ;
insert into goods values ('G072', 'T00', 'C029', 1) ;
insert into goods values ('G073', 'T00', 'C030', 1) ;
insert into goods values ('G074', 'T00', 'C030', 1) ;
insert into goods values ('G075', 'T00', 'C030', 1) ;
insert into goods values ('G076', 'T00', 'C031', 1) ;
insert into goods values ('G077', 'T00', 'C031', 1) ;
insert into goods values ('G078', 'T00', 'C031', 1) ;
insert into goods values ('G079', 'T00', 'C031', 1) ;
insert into goods values ('G080', 'T00', 'C032', 1) ;
insert into goods values ('G081', 'T00', 'C033', 1) ;
insert into goods values ('G082', 'T00', 'C033', 1) ;
insert into goods values ('G083', 'T00', 'C034', 1) ;
insert into goods values ('G084', 'T00', 'C034', 1) ;
insert into goods values ('G085', 'T00', 'C034', 1) ;
insert into goods values ('G086', 'T00', 'C035', 1) ;
insert into goods values ('G087', 'T00', 'C035', 1) ;
insert into goods values ('G088', 'T00', 'C035', 1) ;
insert into goods values ('G089', 'T00', 'C035', 1) ;
insert into goods values ('G090', 'T00', 'C036', 1) ;
insert into goods values ('G091', 'T00', 'C037', 1) ;
insert into goods values ('G092', 'T00', 'C037', 1) ;
insert into goods values ('G093', 'T00', 'C038', 1) ;
insert into goods values ('G094', 'T00', 'C038', 1) ;
insert into goods values ('G095', 'T00', 'C038', 1) ;
insert into goods values ('G096', 'T00', 'C039', 1) ;
insert into goods values ('G097', 'T00', 'C039', 1) ;
insert into goods values ('G098', 'T00', 'C039', 1) ;
insert into goods values ('G099', 'T00', 'C039', 1) ;